<?xml version="1.0" encoding="UTF-8"?>
<objects serializationModel="Studio.02.02.00">
	<object class="Event" id="{501c347f-d434-4127-941a-4844444b21fc}">
		<property name="name">
			<value>null0003</value>
		</property>
		<property name="outputFormat">
			<value>0</value>
		</property>
		<relationship name="folder">
			<destination>{76f97617-def7-4bb4-8083-2b5628555137}</destination>
		</relationship>
		<relationship name="mixer">
			<destination>{3723219e-cb8a-4cb9-960a-b03ba0124bed}</destination>
		</relationship>
		<relationship name="masterTrack">
			<destination>{23e56310-6087-4b3b-9c35-ddf32ce74073}</destination>
		</relationship>
		<relationship name="mixerInput">
			<destination>{5eebd35a-119e-4a0d-b151-35f4506a4cb0}</destination>
		</relationship>
		<relationship name="automatableProperties">
			<destination>{a32e0f2e-9aae-46ef-af11-baa26120e5eb}</destination>
		</relationship>
		<relationship name="markerTracks">
			<destination>{ecb09c4f-2f89-4503-8b36-d0eff07776ac}</destination>
		</relationship>
		<relationship name="timeline">
			<destination>{ecbfc080-ba57-4c4a-be99-88c03e11462e}</destination>
		</relationship>
		<relationship name="banks">
			<destination>{6810e736-820b-4e15-8a33-67a0be28579c}</destination>
		</relationship>
	</object>
	<object class="EventMixer" id="{3723219e-cb8a-4cb9-960a-b03ba0124bed}">
		<relationship name="masterBus">
			<destination>{379b7d43-0339-4553-8fb1-d606d25f90e9}</destination>
		</relationship>
	</object>
	<object class="MasterTrack" id="{23e56310-6087-4b3b-9c35-ddf32ce74073}">
		<relationship name="mixerGroup">
			<destination>{379b7d43-0339-4553-8fb1-d606d25f90e9}</destination>
		</relationship>
	</object>
	<object class="MixerInput" id="{5eebd35a-119e-4a0d-b151-35f4506a4cb0}">
		<relationship name="effectChain">
			<destination>{7c48575c-bf64-42da-a429-611bc8435c41}</destination>
		</relationship>
		<relationship name="panner">
			<destination>{51a5899b-026b-4783-b1ae-a64cd85329a6}</destination>
		</relationship>
		<relationship name="output">
			<destination>{495447ed-1f9a-456f-8c4c-6eb98a3bf581}</destination>
		</relationship>
	</object>
	<object class="EventAutomatableProperties" id="{a32e0f2e-9aae-46ef-af11-baa26120e5eb}" />
	<object class="MarkerTrack" id="{ecb09c4f-2f89-4503-8b36-d0eff07776ac}" />
	<object class="Timeline" id="{ecbfc080-ba57-4c4a-be99-88c03e11462e}">
		<property name="isProxyEnabled">
			<value>false</value>
		</property>
	</object>
	<object class="EventMixerMaster" id="{379b7d43-0339-4553-8fb1-d606d25f90e9}">
		<relationship name="effectChain">
			<destination>{bcf892df-0a27-4542-9f2c-b00bd61a3611}</destination>
		</relationship>
		<relationship name="panner">
			<destination>{c006b6a4-ac79-4ea7-97c2-25f97c6163d1}</destination>
		</relationship>
		<relationship name="mixer">
			<destination>{3723219e-cb8a-4cb9-960a-b03ba0124bed}</destination>
		</relationship>
	</object>
	<object class="MixerBusEffectChain" id="{7c48575c-bf64-42da-a429-611bc8435c41}">
		<relationship name="effects">
			<destination>{c74691d6-9be1-47fb-8dda-79e5719100ef}</destination>
		</relationship>
	</object>
	<object class="MixerBusPanner" id="{51a5899b-026b-4783-b1ae-a64cd85329a6}" />
	<object class="MixerBusEffectChain" id="{bcf892df-0a27-4542-9f2c-b00bd61a3611}">
		<relationship name="effects">
			<destination>{f0807321-f7aa-4095-8ab5-3c32d7bcd3bb}</destination>
		</relationship>
	</object>
	<object class="MixerBusPanner" id="{c006b6a4-ac79-4ea7-97c2-25f97c6163d1}" />
	<object class="MixerBusFader" id="{c74691d6-9be1-47fb-8dda-79e5719100ef}" />
	<object class="MixerBusFader" id="{f0807321-f7aa-4095-8ab5-3c32d7bcd3bb}" />
</objects>
