<?xml version="1.0" encoding="UTF-8"?>
<objects serializationModel="Studio.02.02.00">
	<object class="Event" id="{7ac84069-79d5-41af-9483-4766329cf6d9}">
		<property name="name">
			<value>null0005</value>
		</property>
		<property name="outputFormat">
			<value>0</value>
		</property>
		<relationship name="folder">
			<destination>{76f97617-def7-4bb4-8083-2b5628555137}</destination>
		</relationship>
		<relationship name="mixer">
			<destination>{9a09e5f6-b9b5-443e-8ffd-4999ef6a7aeb}</destination>
		</relationship>
		<relationship name="masterTrack">
			<destination>{31a1ae2f-3ff1-4ce8-8038-757644f9d63c}</destination>
		</relationship>
		<relationship name="mixerInput">
			<destination>{02397483-9dba-4e7f-8a5c-42b009b3af9d}</destination>
		</relationship>
		<relationship name="automatableProperties">
			<destination>{fe8c3739-0ba1-48e5-9b6f-50c878c4eca5}</destination>
		</relationship>
		<relationship name="markerTracks">
			<destination>{b5efa993-0f1f-4901-9eb1-8dcfcde59f1b}</destination>
		</relationship>
		<relationship name="timeline">
			<destination>{a9e4415a-8203-4060-8d14-dbda8d97e6be}</destination>
		</relationship>
		<relationship name="banks">
			<destination>{6810e736-820b-4e15-8a33-67a0be28579c}</destination>
		</relationship>
	</object>
	<object class="EventMixer" id="{9a09e5f6-b9b5-443e-8ffd-4999ef6a7aeb}">
		<relationship name="masterBus">
			<destination>{f51d7647-a7ae-4e91-90c6-9c83d698d222}</destination>
		</relationship>
	</object>
	<object class="MasterTrack" id="{31a1ae2f-3ff1-4ce8-8038-757644f9d63c}">
		<relationship name="mixerGroup">
			<destination>{f51d7647-a7ae-4e91-90c6-9c83d698d222}</destination>
		</relationship>
	</object>
	<object class="MixerInput" id="{02397483-9dba-4e7f-8a5c-42b009b3af9d}">
		<relationship name="effectChain">
			<destination>{f82bf2a9-2c1b-4943-90a6-4ce34c9d3a8b}</destination>
		</relationship>
		<relationship name="panner">
			<destination>{a153f532-dc56-471a-acb4-5522c4fa7ee4}</destination>
		</relationship>
		<relationship name="output">
			<destination>{4813473c-2e47-4607-851b-7c4db396c347}</destination>
		</relationship>
	</object>
	<object class="EventAutomatableProperties" id="{fe8c3739-0ba1-48e5-9b6f-50c878c4eca5}" />
	<object class="MarkerTrack" id="{b5efa993-0f1f-4901-9eb1-8dcfcde59f1b}" />
	<object class="Timeline" id="{a9e4415a-8203-4060-8d14-dbda8d97e6be}">
		<property name="isProxyEnabled">
			<value>false</value>
		</property>
	</object>
	<object class="EventMixerMaster" id="{f51d7647-a7ae-4e91-90c6-9c83d698d222}">
		<relationship name="effectChain">
			<destination>{3917bfab-91e5-4706-9e7d-a82a538675f3}</destination>
		</relationship>
		<relationship name="panner">
			<destination>{1bf85582-ca25-4284-b275-27c2dc2e1c08}</destination>
		</relationship>
		<relationship name="mixer">
			<destination>{9a09e5f6-b9b5-443e-8ffd-4999ef6a7aeb}</destination>
		</relationship>
	</object>
	<object class="MixerBusEffectChain" id="{f82bf2a9-2c1b-4943-90a6-4ce34c9d3a8b}">
		<relationship name="effects">
			<destination>{484dc90f-258a-4f4d-a26d-0a0bc2851d6e}</destination>
		</relationship>
	</object>
	<object class="MixerBusPanner" id="{a153f532-dc56-471a-acb4-5522c4fa7ee4}" />
	<object class="MixerBusEffectChain" id="{3917bfab-91e5-4706-9e7d-a82a538675f3}">
		<relationship name="effects">
			<destination>{75dea8ca-b63f-4a90-94e2-74676857bec4}</destination>
		</relationship>
	</object>
	<object class="MixerBusPanner" id="{1bf85582-ca25-4284-b275-27c2dc2e1c08}" />
	<object class="MixerBusFader" id="{484dc90f-258a-4f4d-a26d-0a0bc2851d6e}" />
	<object class="MixerBusFader" id="{75dea8ca-b63f-4a90-94e2-74676857bec4}" />
</objects>
