<?xml version="1.0" encoding="UTF-8"?>
<objects serializationModel="Studio.02.02.00">
	<object class="Event" id="{a54a7e2b-bda4-4d77-a049-2804ac4fe5ca}">
		<property name="name">
			<value>null0007</value>
		</property>
		<property name="outputFormat">
			<value>0</value>
		</property>
		<relationship name="folder">
			<destination>{76f97617-def7-4bb4-8083-2b5628555137}</destination>
		</relationship>
		<relationship name="mixer">
			<destination>{5a08035f-8dcf-4106-ab1e-2ab84d675405}</destination>
		</relationship>
		<relationship name="masterTrack">
			<destination>{315468ba-abe7-4ff3-b86e-daea2f080ff2}</destination>
		</relationship>
		<relationship name="mixerInput">
			<destination>{68e6a9e3-92ac-41ee-a43e-beeb9e642fdd}</destination>
		</relationship>
		<relationship name="automatableProperties">
			<destination>{6a5ca5e7-7648-437d-90c2-c8bd4c83da4b}</destination>
		</relationship>
		<relationship name="markerTracks">
			<destination>{01ac3069-d989-488c-b5dd-7325e06ee3c4}</destination>
		</relationship>
		<relationship name="timeline">
			<destination>{30e6dfc0-c816-434c-a96d-b6e26f3c8be4}</destination>
		</relationship>
		<relationship name="banks">
			<destination>{6810e736-820b-4e15-8a33-67a0be28579c}</destination>
		</relationship>
	</object>
	<object class="EventMixer" id="{5a08035f-8dcf-4106-ab1e-2ab84d675405}">
		<relationship name="masterBus">
			<destination>{c8eb2869-b5e4-433e-85a8-f81f6800eacc}</destination>
		</relationship>
	</object>
	<object class="MasterTrack" id="{315468ba-abe7-4ff3-b86e-daea2f080ff2}">
		<relationship name="mixerGroup">
			<destination>{c8eb2869-b5e4-433e-85a8-f81f6800eacc}</destination>
		</relationship>
	</object>
	<object class="MixerInput" id="{68e6a9e3-92ac-41ee-a43e-beeb9e642fdd}">
		<relationship name="effectChain">
			<destination>{19de1ff0-18d7-41bc-aec1-82559835c8aa}</destination>
		</relationship>
		<relationship name="panner">
			<destination>{f5f0c9e1-9423-4a2e-b4a8-a46146da102a}</destination>
		</relationship>
		<relationship name="output">
			<destination>{59761c95-9c6b-4fca-8855-2a2b2f5fd1a2}</destination>
		</relationship>
	</object>
	<object class="EventAutomatableProperties" id="{6a5ca5e7-7648-437d-90c2-c8bd4c83da4b}" />
	<object class="MarkerTrack" id="{01ac3069-d989-488c-b5dd-7325e06ee3c4}" />
	<object class="Timeline" id="{30e6dfc0-c816-434c-a96d-b6e26f3c8be4}">
		<property name="isProxyEnabled">
			<value>false</value>
		</property>
	</object>
	<object class="EventMixerMaster" id="{c8eb2869-b5e4-433e-85a8-f81f6800eacc}">
		<relationship name="effectChain">
			<destination>{e0d19967-4d0b-402f-b619-587f18224ba5}</destination>
		</relationship>
		<relationship name="panner">
			<destination>{cc1dad60-6c29-4a14-9c5c-44c1c12985e0}</destination>
		</relationship>
		<relationship name="mixer">
			<destination>{5a08035f-8dcf-4106-ab1e-2ab84d675405}</destination>
		</relationship>
	</object>
	<object class="MixerBusEffectChain" id="{19de1ff0-18d7-41bc-aec1-82559835c8aa}">
		<relationship name="effects">
			<destination>{c0f41b03-1ff1-42dc-807f-eae10e6bf7d9}</destination>
		</relationship>
	</object>
	<object class="MixerBusPanner" id="{f5f0c9e1-9423-4a2e-b4a8-a46146da102a}" />
	<object class="MixerBusEffectChain" id="{e0d19967-4d0b-402f-b619-587f18224ba5}">
		<relationship name="effects">
			<destination>{59f09450-7ab6-4486-89de-804079cea32d}</destination>
		</relationship>
	</object>
	<object class="MixerBusPanner" id="{cc1dad60-6c29-4a14-9c5c-44c1c12985e0}" />
	<object class="MixerBusFader" id="{c0f41b03-1ff1-42dc-807f-eae10e6bf7d9}" />
	<object class="MixerBusFader" id="{59f09450-7ab6-4486-89de-804079cea32d}" />
</objects>
