<?xml version="1.0" encoding="UTF-8"?>
<objects serializationModel="Studio.02.02.00">
	<object class="Event" id="{d872319c-87a1-4554-8818-bbcacb0bb5e5}">
		<property name="name">
			<value>null0000</value>
		</property>
		<property name="outputFormat">
			<value>0</value>
		</property>
		<relationship name="folder">
			<destination>{76f97617-def7-4bb4-8083-2b5628555137}</destination>
		</relationship>
		<relationship name="mixer">
			<destination>{163ab94e-8e30-49d0-b8a2-182ab7174483}</destination>
		</relationship>
		<relationship name="masterTrack">
			<destination>{5584ebcf-0b83-4c19-9c3e-e32171ab239f}</destination>
		</relationship>
		<relationship name="mixerInput">
			<destination>{e2d83c6c-52dd-4cae-98f9-5f6368c8442a}</destination>
		</relationship>
		<relationship name="automatableProperties">
			<destination>{1f7f3dc7-a94d-49dc-ade7-32c442dcec3b}</destination>
		</relationship>
		<relationship name="markerTracks">
			<destination>{a5f8b59e-bca9-4d07-b105-2c3c9f2cf773}</destination>
		</relationship>
		<relationship name="timeline">
			<destination>{e58adba8-42f5-4116-8218-eca15d2c95bd}</destination>
		</relationship>
		<relationship name="banks">
			<destination>{6810e736-820b-4e15-8a33-67a0be28579c}</destination>
		</relationship>
	</object>
	<object class="EventMixer" id="{163ab94e-8e30-49d0-b8a2-182ab7174483}">
		<relationship name="masterBus">
			<destination>{9f17c509-81ca-47ad-b88d-7475bf16a0d1}</destination>
		</relationship>
	</object>
	<object class="MasterTrack" id="{5584ebcf-0b83-4c19-9c3e-e32171ab239f}">
		<relationship name="mixerGroup">
			<destination>{9f17c509-81ca-47ad-b88d-7475bf16a0d1}</destination>
		</relationship>
	</object>
	<object class="MixerInput" id="{e2d83c6c-52dd-4cae-98f9-5f6368c8442a}">
		<relationship name="effectChain">
			<destination>{25f06be4-3300-48ea-bca1-689df7399f01}</destination>
		</relationship>
		<relationship name="panner">
			<destination>{1eba70d2-1dab-4e0d-8845-532b4550ae83}</destination>
		</relationship>
		<relationship name="output">
			<destination>{66b4068a-5327-49dc-b9e3-555d1998e40d}</destination>
		</relationship>
	</object>
	<object class="EventAutomatableProperties" id="{1f7f3dc7-a94d-49dc-ade7-32c442dcec3b}" />
	<object class="MarkerTrack" id="{a5f8b59e-bca9-4d07-b105-2c3c9f2cf773}" />
	<object class="Timeline" id="{e58adba8-42f5-4116-8218-eca15d2c95bd}">
		<property name="isProxyEnabled">
			<value>false</value>
		</property>
	</object>
	<object class="EventMixerMaster" id="{9f17c509-81ca-47ad-b88d-7475bf16a0d1}">
		<relationship name="effectChain">
			<destination>{16d5e054-8416-4a85-a0b2-deec0fa20f6a}</destination>
		</relationship>
		<relationship name="panner">
			<destination>{3db63476-151a-4ffe-b27a-637108b3faf3}</destination>
		</relationship>
		<relationship name="mixer">
			<destination>{163ab94e-8e30-49d0-b8a2-182ab7174483}</destination>
		</relationship>
	</object>
	<object class="MixerBusEffectChain" id="{25f06be4-3300-48ea-bca1-689df7399f01}">
		<relationship name="effects">
			<destination>{230127a1-dd33-4fe5-90c9-5f58aaf091ba}</destination>
		</relationship>
	</object>
	<object class="MixerBusPanner" id="{1eba70d2-1dab-4e0d-8845-532b4550ae83}" />
	<object class="MixerBusEffectChain" id="{16d5e054-8416-4a85-a0b2-deec0fa20f6a}">
		<relationship name="effects">
			<destination>{9e88a95e-fe11-4022-988f-bee7acd8e95d}</destination>
		</relationship>
	</object>
	<object class="MixerBusPanner" id="{3db63476-151a-4ffe-b27a-637108b3faf3}" />
	<object class="MixerBusFader" id="{230127a1-dd33-4fe5-90c9-5f58aaf091ba}" />
	<object class="MixerBusFader" id="{9e88a95e-fe11-4022-988f-bee7acd8e95d}" />
</objects>
