<?xml version="1.0" encoding="UTF-8"?>
<objects serializationModel="Studio.02.02.00">
	<object class="Event" id="{ef3477be-c38f-414b-93d3-e2e0f022a55b}">
		<property name="name">
			<value>null0001</value>
		</property>
		<property name="outputFormat">
			<value>0</value>
		</property>
		<relationship name="folder">
			<destination>{76f97617-def7-4bb4-8083-2b5628555137}</destination>
		</relationship>
		<relationship name="mixer">
			<destination>{1227d4ec-2b28-404f-9639-4245e4909bb4}</destination>
		</relationship>
		<relationship name="masterTrack">
			<destination>{39fbcf94-bc67-4f25-a7fa-ee013e34980c}</destination>
		</relationship>
		<relationship name="mixerInput">
			<destination>{f3790a2a-c921-49e0-bcb2-18bafa647386}</destination>
		</relationship>
		<relationship name="automatableProperties">
			<destination>{22980c39-fb28-4eed-9908-e7dc9709d861}</destination>
		</relationship>
		<relationship name="markerTracks">
			<destination>{d0708d23-50fb-4fee-91a2-71dde1c4475c}</destination>
		</relationship>
		<relationship name="timeline">
			<destination>{1a836735-1c81-41eb-8cb5-d621ae13fb55}</destination>
		</relationship>
		<relationship name="banks">
			<destination>{6810e736-820b-4e15-8a33-67a0be28579c}</destination>
		</relationship>
	</object>
	<object class="EventMixer" id="{1227d4ec-2b28-404f-9639-4245e4909bb4}">
		<relationship name="masterBus">
			<destination>{a1e6921e-7039-4529-b541-f236e31a4c26}</destination>
		</relationship>
	</object>
	<object class="MasterTrack" id="{39fbcf94-bc67-4f25-a7fa-ee013e34980c}">
		<relationship name="mixerGroup">
			<destination>{a1e6921e-7039-4529-b541-f236e31a4c26}</destination>
		</relationship>
	</object>
	<object class="MixerInput" id="{f3790a2a-c921-49e0-bcb2-18bafa647386}">
		<relationship name="effectChain">
			<destination>{1e6b82c9-9afa-416e-8852-463d8e7e9483}</destination>
		</relationship>
		<relationship name="panner">
			<destination>{2daa2a5d-cf2d-4cb4-81df-5a27ace8ffd2}</destination>
		</relationship>
		<relationship name="output">
			<destination>{ce714a08-78ae-4993-9bca-46f0a876c1c6}</destination>
		</relationship>
	</object>
	<object class="EventAutomatableProperties" id="{22980c39-fb28-4eed-9908-e7dc9709d861}" />
	<object class="MarkerTrack" id="{d0708d23-50fb-4fee-91a2-71dde1c4475c}" />
	<object class="Timeline" id="{1a836735-1c81-41eb-8cb5-d621ae13fb55}">
		<property name="isProxyEnabled">
			<value>false</value>
		</property>
	</object>
	<object class="EventMixerMaster" id="{a1e6921e-7039-4529-b541-f236e31a4c26}">
		<relationship name="effectChain">
			<destination>{4caab226-5321-4d99-89e2-3390c83c3088}</destination>
		</relationship>
		<relationship name="panner">
			<destination>{77a7e5c8-f405-4443-88e0-7ee38da3d7bb}</destination>
		</relationship>
		<relationship name="mixer">
			<destination>{1227d4ec-2b28-404f-9639-4245e4909bb4}</destination>
		</relationship>
	</object>
	<object class="MixerBusEffectChain" id="{1e6b82c9-9afa-416e-8852-463d8e7e9483}">
		<relationship name="effects">
			<destination>{c2938be3-360c-4aa3-b764-415b1b5f4e10}</destination>
		</relationship>
	</object>
	<object class="MixerBusPanner" id="{2daa2a5d-cf2d-4cb4-81df-5a27ace8ffd2}" />
	<object class="MixerBusEffectChain" id="{4caab226-5321-4d99-89e2-3390c83c3088}">
		<relationship name="effects">
			<destination>{cc2a7c2a-e5b3-42a1-b48a-4237c2b5dc16}</destination>
		</relationship>
	</object>
	<object class="MixerBusPanner" id="{77a7e5c8-f405-4443-88e0-7ee38da3d7bb}" />
	<object class="MixerBusFader" id="{c2938be3-360c-4aa3-b764-415b1b5f4e10}" />
	<object class="MixerBusFader" id="{cc2a7c2a-e5b3-42a1-b48a-4237c2b5dc16}" />
</objects>
