<?xml version="1.0" encoding="UTF-8"?>
<objects serializationModel="Studio.02.02.00">
	<object class="Event" id="{f91e6870-b793-4314-892d-82c8878e9b4e}">
		<property name="name">
			<value>null0006</value>
		</property>
		<property name="outputFormat">
			<value>0</value>
		</property>
		<relationship name="folder">
			<destination>{76f97617-def7-4bb4-8083-2b5628555137}</destination>
		</relationship>
		<relationship name="mixer">
			<destination>{119cb736-0c5c-41f9-b947-684f0a9300e4}</destination>
		</relationship>
		<relationship name="masterTrack">
			<destination>{93f350f1-5b46-4291-b6cd-3b95cfb938b1}</destination>
		</relationship>
		<relationship name="mixerInput">
			<destination>{33950788-6baf-49b1-a953-a4bdcc67d77d}</destination>
		</relationship>
		<relationship name="automatableProperties">
			<destination>{34f0ceeb-c996-4e10-b52b-ca381a609bfb}</destination>
		</relationship>
		<relationship name="markerTracks">
			<destination>{164e436d-a577-4f00-8bdd-7e7d434266aa}</destination>
		</relationship>
		<relationship name="timeline">
			<destination>{f28b08fc-a007-4c26-bdc2-238925916ce4}</destination>
		</relationship>
		<relationship name="banks">
			<destination>{6810e736-820b-4e15-8a33-67a0be28579c}</destination>
		</relationship>
	</object>
	<object class="EventMixer" id="{119cb736-0c5c-41f9-b947-684f0a9300e4}">
		<relationship name="masterBus">
			<destination>{9aaa2def-306e-434d-95f3-4d1093d9f9e0}</destination>
		</relationship>
	</object>
	<object class="MasterTrack" id="{93f350f1-5b46-4291-b6cd-3b95cfb938b1}">
		<relationship name="mixerGroup">
			<destination>{9aaa2def-306e-434d-95f3-4d1093d9f9e0}</destination>
		</relationship>
	</object>
	<object class="MixerInput" id="{33950788-6baf-49b1-a953-a4bdcc67d77d}">
		<relationship name="effectChain">
			<destination>{c85e8ff9-960f-45c3-95b7-6f3229634344}</destination>
		</relationship>
		<relationship name="panner">
			<destination>{e554830f-f2df-4ef8-bc2c-5dd8fb3a1dd0}</destination>
		</relationship>
		<relationship name="output">
			<destination>{e83423f1-80df-49fd-954f-1d8d81caedb3}</destination>
		</relationship>
	</object>
	<object class="EventAutomatableProperties" id="{34f0ceeb-c996-4e10-b52b-ca381a609bfb}" />
	<object class="MarkerTrack" id="{164e436d-a577-4f00-8bdd-7e7d434266aa}" />
	<object class="Timeline" id="{f28b08fc-a007-4c26-bdc2-238925916ce4}">
		<property name="isProxyEnabled">
			<value>false</value>
		</property>
	</object>
	<object class="EventMixerMaster" id="{9aaa2def-306e-434d-95f3-4d1093d9f9e0}">
		<relationship name="effectChain">
			<destination>{96fff971-d851-43fb-8ce0-ddccaff2388d}</destination>
		</relationship>
		<relationship name="panner">
			<destination>{cb3913d7-2abe-4650-88fc-d93c04710f00}</destination>
		</relationship>
		<relationship name="mixer">
			<destination>{119cb736-0c5c-41f9-b947-684f0a9300e4}</destination>
		</relationship>
	</object>
	<object class="MixerBusEffectChain" id="{c85e8ff9-960f-45c3-95b7-6f3229634344}">
		<relationship name="effects">
			<destination>{415c32a0-1102-4b72-9738-7f53c52c3003}</destination>
		</relationship>
	</object>
	<object class="MixerBusPanner" id="{e554830f-f2df-4ef8-bc2c-5dd8fb3a1dd0}" />
	<object class="MixerBusEffectChain" id="{96fff971-d851-43fb-8ce0-ddccaff2388d}">
		<relationship name="effects">
			<destination>{be836829-7bc0-452f-95db-070ac8141a7f}</destination>
		</relationship>
	</object>
	<object class="MixerBusPanner" id="{cb3913d7-2abe-4650-88fc-d93c04710f00}" />
	<object class="MixerBusFader" id="{415c32a0-1102-4b72-9738-7f53c52c3003}" />
	<object class="MixerBusFader" id="{be836829-7bc0-452f-95db-070ac8141a7f}" />
</objects>
