<?xml version="1.0" encoding="UTF-8"?>
<objects serializationModel="Studio.02.02.00">
	<object class="ParameterPreset" id="{5449db68-d894-4434-94a0-62126b11660f}">
		<property name="name">
			<value>fade</value>
		</property>
		<relationship name="folder">
			<destination>{c19ef8cd-ff01-47d4-9ba6-99ad26ebb4e8}</destination>
		</relationship>
		<relationship name="parameter">
			<destination>{7ac8fdf4-6256-4fbe-8399-60996ffabcf5}</destination>
		</relationship>
	</object>
	<object class="GameParameter" id="{7ac8fdf4-6256-4fbe-8399-60996ffabcf5}">
		<property name="initialValue">
			<value>1</value>
		</property>
		<property name="seekSpeed">
			<value>3</value>
		</property>
	</object>
</objects>
