<?xml version="1.0" encoding="UTF-8"?>
<objects serializationModel="Studio.02.02.00">
	<object class="ParameterPreset" id="{d2b87f29-e1a4-4471-ad34-09b337617712}">
		<property name="name">
			<value>progress</value>
		</property>
		<relationship name="folder">
			<destination>{0b907795-e4dc-43c2-81f5-b5cbfaec20c7}</destination>
		</relationship>
		<relationship name="parameter">
			<destination>{02eb37f9-2394-4c8f-b493-9659f7a550a0}</destination>
		</relationship>
	</object>
	<object class="GameParameter" id="{02eb37f9-2394-4c8f-b493-9659f7a550a0}">
		<property name="initialValue">
			<value>0</value>
		</property>
		<property name="seekSpeed">
			<value>0.88999998569488525</value>
		</property>
	</object>
</objects>
