<?xml version="1.0" encoding="UTF-8" standalone="yes"?>
<app version="1">
  <name>Cave Story</name>
  <coder>Studio Pixel</coder>
  <version>1.0.0.6</version>
  <release_date>10/01/22</release_date>
  <short_description>Port of CSE2 to the Wii.</short_description> 
  <long_description>This is CSE2, a decompilation of the original freeware version of Cave Story, ported to the Wii. This port was done by CuckyDev, with many quality of life enhancements, tweaks, and bug fixes by Kaitlyn Hazel.</long_description>
</app>
