<?xml version="1.0" encoding="UTF-8"?>
<objects serializationModel="Studio.02.02.00">
	<object class="EncodingSetting" id="{81bb897c-909a-412d-bac8-f6718ef23270}">
		<property name="encodingFormat">
			<value>3</value>
		</property>
		<property name="quality">
			<value>50</value>
		</property>
		<relationship name="platform">
			<destination>{1f4dfe19-9d34-4061-ba5b-4072aad34f8a}</destination>
		</relationship>
		<relationship name="encodable">
			<destination>{1f4dfe19-9d34-4061-ba5b-4072aad34f8a}</destination>
		</relationship>
	</object>
</objects>
