<?xml version="1.0" encoding="UTF-8"?>
<objects serializationModel="Studio.02.02.00">
	<object class="MixerGroup" id="{5c359fcb-c66a-46a9-b351-375137dd57cb}">
		<property name="name">
			<value>0002</value>
		</property>
		<property name="maxInstances">
			<value>1</value>
		</property>
		<relationship name="effectChain">
			<destination>{98aa0225-4035-4450-9c72-3787ee609972}</destination>
		</relationship>
		<relationship name="panner">
			<destination>{df5ed3cd-30e6-4c73-98fc-fc3558c25b0a}</destination>
		</relationship>
		<relationship name="output">
			<destination>{2b2076ed-ec66-435d-86d8-98cb812caf3b}</destination>
		</relationship>
	</object>
	<object class="MixerBusEffectChain" id="{98aa0225-4035-4450-9c72-3787ee609972}">
		<relationship name="effects">
			<destination>{0d5bdc89-2d8f-4caa-8478-105fa421caf0}</destination>
		</relationship>
	</object>
	<object class="MixerBusPanner" id="{df5ed3cd-30e6-4c73-98fc-fc3558c25b0a}" />
	<object class="MixerBusFader" id="{0d5bdc89-2d8f-4caa-8478-105fa421caf0}" />
</objects>
