<?xml version="1.0" encoding="UTF-8"?>
<objects serializationModel="Studio.02.02.00">
	<object class="Workspace" id="{ca53cf32-1f9d-4f5b-bf34-7c1b7d066dce}">
		<property name="builtBanksOutputDirectory" />
		<relationship name="masterEventFolder">
			<destination>{5099ebf7-0bf0-42f1-b38b-dde1182a370c}</destination>
		</relationship>
		<relationship name="masterTagFolder">
			<destination>{1d498dbe-2d90-4b3c-ac82-d4273c66b4f1}</destination>
		</relationship>
		<relationship name="masterEffectPresetFolder">
			<destination>{06e6a2c8-73d7-43ea-b5b4-c2165a65ef86}</destination>
		</relationship>
		<relationship name="masterParameterPresetFolder">
			<destination>{8791d1d0-409f-4242-bab9-3daccdbe6c82}</destination>
		</relationship>
		<relationship name="masterBankFolder">
			<destination>{04829f36-4ef8-4760-9ac0-b35c5d4e93a4}</destination>
		</relationship>
		<relationship name="masterSandboxFolder">
			<destination>{afb2175e-b2d2-4d00-8655-ea0deee29727}</destination>
		</relationship>
		<relationship name="masterAssetFolder">
			<destination>{841b05f0-9bdc-4396-bbf5-fee32a5e02b4}</destination>
		</relationship>
		<relationship name="mixer">
			<destination>{e81948fe-2016-4b38-b39d-e6b536cf8cd6}</destination>
		</relationship>
		<relationship name="profilerSessionFolder">
			<destination>{efbddd62-1e89-4dd8-83ed-0b218498667d}</destination>
		</relationship>
		<relationship name="platforms">
			<destination>{1f4dfe19-9d34-4061-ba5b-4072aad34f8a}</destination>
		</relationship>
	</object>
</objects>
